index, time, unrolled, speed, value, x, y
5_1_12,4e-06,1,250000,0.5,4,2
6_1_14,4e-06,1,250000,0.5,1,2
1_1_43,4e-06,1,250000,0.5,0,0
1_1_48,3e-06,1,333333,0.5,0,0
6_1_78,4e-06,1,250000,0.5,0,2
1_1_64,3e-06,1,333333,0.5,0,0
5_1_58,5e-06,1,200000,0.5,3,2
6_1_16,4e-06,1,250000,0.5,3,2
3_1_92,9e-06,1,111111,0.5,1,2
4_1_63,8e-06,1,125000,0.5,2,2
3_1_86,6e-06,1,166667,0.5,2,2
1_1_97,5e-06,1,200000,0.5,0,0
2_1_87,7e-06,1,142857,0.5,0,0
4_1_18,3e-06,1,333333,0.5,2,2
2_1_46,3e-06,1,333333,0.5,0,0
3_1_14,5e-06,1,200000,0.5,1,2
5_1_74,3e-06,1,333333,0.5,1,2
4_1_20,3e-06,1,333333,0.5,1,2
3_1_48,5e-06,1,200000,0.5,2,2
3_1_74,5e-06,1,200000,0.5,2,2
5_1_98,3e-06,1,333333,0.5,2,2
6_1_56,4e-06,1,250000,0.5,5,2
3_1_35,5e-06,1,200000,0.5,0,2
6_1_31,6e-06,1,166667,0.5,1,2
1_1_26,2e-06,1,500000,0.5,0,0
1_1_85,2e-06,1,500000,0.5,0,0
6_1_92,3e-06,1,333333,0.5,4,2
5_1_31,3e-06,1,333333,0.5,4,2
3_1_18,5e-06,1,200000,0.5,1,2
2_1_22,2e-06,1,500000,0.5,1,0
1_1_62,2e-06,1,500000,0.5,0,0
1_1_38,2e-06,1,500000,0.5,0,0
2_1_85,2e-06,1,500000,0.5,1,0
4_1_5,3e-06,1,333333,0.5,1,2
5_1_0,3e-06,1,333333,0.5,0,2
4_1_85,3e-06,1,333333,0.5,1,2
6_1_30,3e-06,1,333333,0.5,1,2
4_1_66,3e-06,1,333333,0.5,2,2
6_1_95,3e-06,1,333333,0.5,3,2
6_1_75,3e-06,1,333333,0.5,3,2
6_1_99,3e-06,1,333333,0.5,0,2
4_1_91,3e-06,1,333333,0.5,1,2
5_1_57,3e-06,1,333333,0.5,2,2
1_1_60,2e-06,1,500000,0.5,0,0
6_1_28,3e-06,1,333333,0.5,4,2
2_1_28,2e-06,1,500000,0.5,1,0
4_1_3,3e-06,1,333333,0.5,2,2
1_1_71,2e-06,1,500000,0.5,0,0
2_1_86,2e-06,1,500000,0.5,0,0
1_1_54,2e-06,1,500000,0.5,0,0
1_1_5,2e-06,1,500000,0.5,0,0
1_1_63,2e-06,1,500000,0.5,0,0
3_1_1,4e-06,1,250000,0.5,2,2
1_1_80,2e-06,1,500000,0.5,0,0
3_1_27,4e-06,1,250000,0.5,1,2
2_1_78,3e-06,1,333333,0.5,0,0
4_1_0,3e-06,1,333333,0.5,3,2
3_1_30,5e-06,1,200000,0.5,1,2
2_1_41,2e-06,1,500000,0.5,1,0
3_1_41,4e-06,1,250000,0.5,2,2
2_1_14,3e-06,1,333333,0.5,1,0
4_1_46,3e-06,1,333333,0.5,0,2
5_1_80,3e-06,1,333333,0.5,2,2
6_1_11,3e-06,1,333333,0.5,2,2
6_1_38,3e-06,1,333333,0.5,2,2
1_1_34,2e-06,1,500000,0.5,0,0
5_1_56,3e-06,1,333333,0.5,3,2
5_1_75,3e-06,1,333333,0.5,2,2
3_1_68,4e-06,1,250000,0.5,0,2
1_1_44,2e-06,1,500000,0.5,0,0
6_1_57,5e-06,1,200000,0.5,4,2
3_1_25,4e-06,1,250000,0.5,0,2
2_1_55,2e-06,1,500000,0.5,0,0
5_1_77,3e-06,1,333333,0.5,3,2
1_1_59,2e-06,1,500000,0.5,0,0
6_1_27,3e-06,1,333333,0.5,0,2
2_1_6,2e-06,1,500000,0.5,1,0
6_1_40,3e-06,1,333333,0.5,4,2
6_1_53,3e-06,1,333333,0.5,4,2
5_1_52,3e-06,1,333333,0.5,2,2
1_1_57,2e-06,1,500000,0.5,0,0
6_1_52,3e-06,1,333333,0.5,5,2
5_1_3,3e-06,1,333333,0.5,2,2
5_1_45,3e-06,1,333333,0.5,2,2
2_1_64,2e-06,1,500000,0.5,0,0
6_1_19,3e-06,1,333333,0.5,4,2
1_1_77,2e-06,1,500000,0.5,0,0
3_1_10,5e-06,1,200000,0.5,1,2
2_1_5,2e-06,1,500000,0.5,1,0
1_1_31,2e-06,1,500000,0.5,0,0
3_1_13,4e-06,1,250000,0.5,1,2
4_1_78,3e-06,1,333333,0.5,0,2
2_1_98,2e-06,1,500000,0.5,0,0
2_1_2,2e-06,1,500000,0.5,0,0
6_1_93,3e-06,1,333333,0.5,5,2
2_1_60,2e-06,1,500000,0.5,0,0
4_1_60,3e-06,1,333333,0.5,1,2
6_1_10,3e-06,1,333333,0.5,3,2
2_1_44,2e-06,1,500000,0.5,1,0
6_1_39,3e-06,1,333333,0.5,3,2
1_1_41,2e-06,1,500000,0.5,0,0
6_1_89,1.1e-05,1,90909.1,0.5,3,2
6_1_20,3e-06,1,333333,0.5,5,2
2_1_42,3e-06,1,333333,0.5,1,0
6_1_4,3e-06,1,333333,0.5,4,2
6_1_5,3e-06,1,333333,0.5,5,2
1_1_50,2e-06,1,500000,0.5,0,0
6_1_61,3e-06,1,333333,0.5,1,2
5_1_76,3e-06,1,333333,0.5,1,2
4_1_70,3e-06,1,333333,0.5,3,2
1_1_10,2e-06,1,500000,0.5,0,0
6_1_37,3e-06,1,333333,0.5,4,2
6_1_85,3e-06,1,333333,0.5,1,2
4_1_59,3e-06,1,333333,0.5,2,2
3_1_32,4e-06,1,250000,0.5,0,2
5_1_84,3e-06,1,333333,0.5,3,2
5_1_5,3e-06,1,333333,0.5,0,2
1_1_16,2e-06,1,500000,0.5,0,0
3_1_8,4e-06,1,250000,0.5,1,2
1_1_95,2e-06,1,500000,0.5,0,0
6_1_25,3e-06,1,333333,0.5,4,0
4_1_82,3e-06,1,333333,0.5,3,0
6_1_33,3e-06,1,333333,0.5,5,0
4_1_16,3e-06,1,333333,0.5,1,0
3_1_65,4e-06,1,250000,0.5,2,0
1_1_70,2e-06,1,500000,0.5,0,0
5_1_11,3e-06,1,333333,0.5,0,0
1_1_87,2e-06,1,500000,0.5,0,0
4_1_25,3e-06,1,333333,0.5,0,0
2_1_95,3e-06,1,333333,0.5,1,0
1_1_76,2e-06,1,500000,0.5,0,0
1_1_27,2e-06,1,500000,0.5,0,0
3_1_33,1.3e-05,1,76923.1,0.5,2,0
2_1_99,3e-06,1,333333,0.5,0,0
6_1_12,4e-06,1,250000,0.5,2,0
3_1_88,7e-06,1,142857,0.5,0,0
3_1_64,5e-06,1,200000,0.5,1,0
2_1_51,2e-06,1,500000,0.5,0,0
1_1_23,3e-06,1,333333,0.5,0,0
5_1_30,6e-06,1,166667,0.5,0,0
2_1_54,3e-06,1,333333,0.5,1,0
1_1_92,8e-06,1,125000,0.5,0,0
2_1_70,3e-06,1,333333,0.5,0,0
6_1_63,3e-06,1,333333,0.5,4,0
2_1_18,2e-06,1,500000,0.5,0,0
5_1_82,1.2e-05,1,83333.3,0.5,2,0
5_1_34,3e-06,1,333333,0.5,4,0
4_1_69,3e-06,1,333333,0.5,0,0
1_1_89,2e-06,1,500000,0.5,0,0
2_1_91,2e-06,1,500000,0.5,0,0
4_1_64,3e-06,1,333333,0.5,3,0
1_1_88,2e-06,1,500000,0.5,0,0
2_1_66,2e-06,1,500000,0.5,1,0
3_1_81,4e-06,1,250000,0.5,0,0
6_1_86,3e-06,1,333333,0.5,2,0
5_1_4,3e-06,1,333333,0.5,4,0
2_1_92,2e-06,1,500000,0.5,1,0
2_1_0,2e-06,1,500000,0.5,1,0
6_1_94,3e-06,1,333333,0.5,3,0
3_1_26,4e-06,1,250000,0.5,1,0
5_1_41,3e-06,1,333333,0.5,1,0
4_1_62,3e-06,1,333333,0.5,0,0
3_1_59,4e-06,1,250000,0.5,0,0
3_1_6,5e-06,1,200000,0.5,2,0
2_1_39,2e-06,1,500000,0.5,0,0
5_1_55,3e-06,1,333333,0.5,3,0
2_1_8,2e-06,1,500000,0.5,1,0
5_1_43,3e-06,1,333333,0.5,1,0
5_1_15,3e-06,1,333333,0.5,3,0
3_1_67,4e-06,1,250000,0.5,0,0
1_1_20,2e-06,1,500000,0.5,0,0
2_1_29,2e-06,1,500000,0.5,1,0
4_1_75,3e-06,1,333333,0.5,2,0
5_1_61,3e-06,1,333333,0.5,2,0
4_1_41,3e-06,1,333333,0.5,2,0
2_1_40,2e-06,1,500000,0.5,1,0
6_1_7,3e-06,1,333333,0.5,4,0
2_1_61,2e-06,1,500000,0.5,1,0
2_1_17,3e-06,1,333333,0.5,0,0
4_1_21,3e-06,1,333333,0.5,3,0
1_1_15,2e-06,1,500000,0.5,0,0
1_1_55,2e-06,1,500000,0.5,0,0
6_1_88,3e-06,1,333333,0.5,4,0
5_1_9,3e-06,1,333333,0.5,4,0
4_1_33,3e-06,1,333333,0.5,1,0
2_1_62,2e-06,1,500000,0.5,1,0
6_1_15,3e-06,1,333333,0.5,4,0
1_1_6,2e-06,1,500000,0.5,0,0
6_1_13,3e-06,1,333333,0.5,1,0
3_1_83,4e-06,1,250000,0.5,1,0
2_1_74,2e-06,1,500000,0.5,0,0
4_1_11,3e-06,1,333333,0.5,0,0
3_1_61,4e-06,1,250000,0.5,2,0
3_1_29,4e-06,1,250000,0.5,2,0
2_1_35,3e-06,1,333333,0.5,1,0
6_1_44,4e-06,1,250000,0.5,1,0
2_1_30,2e-06,1,500000,0.5,0,0
4_1_45,3e-06,1,333333,0.5,3,0
1_1_83,2e-06,1,500000,0.5,0,0
3_1_79,4e-06,1,250000,0.5,1,0
5_1_29,3e-06,1,333333,0.5,0,0
3_1_78,4e-06,1,250000,0.5,1,0
4_1_67,3e-06,1,333333,0.5,2,0
5_1_81,3e-06,1,333333,0.5,0,0
6_1_58,3e-06,1,333333,0.5,0,0
3_1_52,4e-06,1,250000,0.5,0,0
4_1_12,3e-06,1,333333,0.5,3,0
1_1_36,2e-06,1,500000,0.5,0,0
3_1_55,4e-06,1,250000,0.5,0,0
3_1_62,4e-06,1,250000,0.5,1,0
5_1_88,3e-06,1,333333,0.5,1,0
1_1_72,2e-06,1,500000,0.5,0,0
1_1_74,2e-06,1,500000,0.5,0,0
4_1_17,4e-06,1,250000,0.5,1,0
6_1_29,3e-06,1,333333,0.5,4,0
5_1_64,3e-06,1,333333,0.5,4,0
3_1_70,4e-06,1,250000,0.5,1,0
4_1_23,3e-06,1,333333,0.5,3,0
6_1_64,3e-06,1,333333,0.5,4,0
2_1_76,2e-06,1,500000,0.5,1,0
3_1_63,4e-06,1,250000,0.5,0,0
4_1_49,3e-06,1,333333,0.5,0,0
1_1_13,2e-06,1,500000,0.5,0,0
2_1_59,2e-06,1,500000,0.5,0,0
3_1_99,5e-06,1,200000,0.5,0,0
1_1_33,2e-06,1,500000,0.5,0,0
6_1_98,3e-06,1,333333,0.5,4,0
1_1_45,2e-06,1,500000,0.5,0,0
3_1_2,5e-06,1,200000,0.5,0,0
3_1_82,5e-06,1,200000,0.5,2,0
4_1_99,3e-06,1,333333,0.5,3,0
4_1_48,3e-06,1,333333,0.5,0,0
3_1_50,4e-06,1,250000,0.5,2,0
6_1_48,3e-06,1,333333,0.5,3,0
2_1_43,2e-06,1,500000,0.5,1,0
2_1_69,3e-06,1,333333,0.5,1,0
2_1_23,2e-06,1,500000,0.5,1,0
3_1_46,4e-06,1,250000,0.5,0,0
6_1_59,3e-06,1,333333,0.5,0,0
4_1_58,3e-06,1,333333,0.5,0,0
2_1_53,2e-06,1,500000,0.5,1,0
4_1_15,3e-06,1,333333,0.5,3,0
2_1_93,2e-06,1,500000,0.5,0,0
5_1_14,3e-06,1,333333,0.5,3,0
5_1_97,3e-06,1,333333,0.5,4,0
4_1_2,3e-06,1,333333,0.5,3,0
5_1_23,3e-06,1,333333,0.5,4,0
6_1_8,4e-06,1,250000,0.5,3,0
2_1_11,3e-06,1,333333,0.5,1,0
2_1_47,3e-06,1,333333,0.5,0,0
4_1_13,5e-06,1,200000,0.5,0,0
4_1_4,3e-06,1,333333,0.5,0,0
3_1_40,6e-06,1,166667,0.5,2,0
5_1_18,5e-06,1,200000,0.5,3,0
2_1_36,3e-06,1,333333,0.5,0,0
1_1_37,2e-06,1,500000,0.5,0,0
1_1_67,2e-06,1,500000,0.5,0,0
2_1_65,3e-06,1,333333,0.5,0,0
4_1_30,3e-06,1,333333,0.5,3,0
3_1_17,7e-06,1,142857,0.5,1,0
5_1_10,3e-06,1,333333,0.5,2,0
5_1_40,3e-06,1,333333,0.5,4,0
2_1_16,3e-06,1,333333,0.5,1,0
4_1_56,4e-06,1,250000,0.5,3,0
3_1_37,5e-06,1,200000,0.5,0,0
3_1_20,5e-06,1,200000,0.5,1,0
1_1_78,3e-06,1,333333,0.5,0,0
3_1_51,5e-06,1,200000,0.5,2,0
1_1_49,2e-06,1,500000,0.5,0,0
4_1_77,4e-06,1,250000,0.5,3,0
3_1_60,5e-06,1,200000,0.5,0,0
2_1_4,3e-06,1,333333,0.5,0,0
2_1_68,3e-06,1,333333,0.5,0,0
4_1_93,3e-06,1,333333,0.5,3,0
5_1_44,3e-06,1,333333,0.5,1,0
3_1_90,5e-06,1,200000,0.5,0,0
3_1_77,8e-06,1,125000,0.5,1,0
3_1_22,5e-06,1,200000,0.5,1,0
2_1_81,9e-06,1,111111,0.5,1,0
3_1_45,5e-06,1,200000,0.5,2,0
2_1_9,3e-06,1,333333,0.5,0,0
3_1_75,5e-06,1,200000,0.5,2,0
4_1_28,3e-06,1,333333,0.5,2,0
1_1_61,2e-06,1,500000,0.5,0,0
2_1_77,4e-06,1,250000,0.5,0,0
1_1_18,2e-06,1,500000,0.5,0,0
6_1_72,4e-06,1,250000,0.5,2,0
6_1_3,4e-06,1,250000,0.5,0,0
3_1_84,7e-06,1,142857,0.5,2,0
3_1_66,1.5e-05,1,66666.7,0.5,0,0
3_1_71,1.3e-05,1,76923.1,0.5,2,0
5_1_54,4e-06,1,250000,0.5,0,0
2_1_25,3e-06,1,333333,0.5,1,0
3_1_58,5e-06,1,200000,0.5,2,0
6_1_96,6e-06,1,166667,0.5,2,0
4_1_43,3e-06,1,333333,0.5,3,0
4_1_83,3e-06,1,333333,0.5,2,0
5_1_95,4e-06,1,250000,0.5,1,0
1_1_66,2e-06,1,500000,0.5,0,0
4_1_10,4e-06,1,250000,0.5,3,0
1_1_29,3e-06,1,333333,0.5,0,0
3_1_47,8e-06,1,125000,0.5,0,0
4_1_72,3e-06,1,333333,0.5,2,0
3_1_49,5e-06,1,200000,0.5,2,0
1_1_39,3e-06,1,333333,0.5,0,0
5_1_47,4e-06,1,250000,0.5,4,0
4_1_94,3e-06,1,333333,0.5,3,0
6_1_67,3e-06,1,333333,0.5,4,0
1_1_22,2e-06,1,500000,0.5,0,0
5_1_96,3e-06,1,333333,0.5,2,0
5_1_38,3e-06,1,333333,0.5,2,0
6_1_41,3e-06,1,333333,0.5,4,0
6_1_22,4e-06,1,250000,0.5,2,0
2_1_82,6e-06,1,166667,0.5,1,0
4_1_29,3e-06,1,333333,0.5,0,0
5_1_42,3e-06,1,333333,0.5,2,0
6_1_0,5e-06,1,200000,0.5,1,0
5_1_28,3e-06,1,333333,0.5,1,0
6_1_82,3e-06,1,333333,0.5,4,0
6_1_2,3e-06,1,333333,0.5,3,0
4_1_52,3e-06,1,333333,0.5,3,0
4_1_50,3e-06,1,333333,0.5,0,0
5_1_83,3e-06,1,333333,0.5,2,0
5_1_87,3e-06,1,333333,0.5,0,0
2_1_21,2e-06,1,500000,0.5,1,0
4_1_57,3e-06,1,333333,0.5,1,0
6_1_1,4e-06,1,250000,0.5,1,0
4_1_71,3e-06,1,333333,0.5,1,0
5_1_26,3e-06,1,333333,0.5,2,0
2_1_33,3e-06,1,333333,0.5,1,0
3_1_98,4e-06,1,250000,0.5,1,0
5_1_90,3e-06,1,333333,0.5,3,0
6_1_74,3e-06,1,333333,0.5,2,0
6_1_49,3e-06,1,333333,0.5,5,0
6_1_32,3e-06,1,333333,0.5,4,0
2_1_3,2e-06,1,500000,0.5,0,0
5_1_25,3e-06,1,333333,0.5,4,0
2_1_20,2e-06,1,500000,0.5,0,0
5_1_69,3e-06,1,333333,0.5,1,0
1_1_4,2e-06,1,500000,0.5,0,0
2_1_12,2e-06,1,500000,0.5,1,0
6_1_84,3e-06,1,333333,0.5,1,0
3_1_73,5e-06,1,200000,0.5,2,0
5_1_49,3e-06,1,333333,0.5,0,0
3_1_19,5e-06,1,200000,0.5,2,0
5_1_22,3e-06,1,333333,0.5,1,0
1_1_9,2e-06,1,500000,0.5,0,0
5_1_35,3e-06,1,333333,0.5,2,0
1_1_1,2e-06,1,500000,0.5,0,0
5_1_71,3e-06,1,333333,0.5,3,0
5_1_19,3e-06,1,333333,0.5,0,0
2_1_10,3e-06,1,333333,0.5,0,0
6_1_43,4e-06,1,250000,0.5,1,0
4_1_27,3e-06,1,333333,0.5,3,0
1_1_52,2e-06,1,500000,0.5,0,0
1_1_73,2e-06,1,500000,0.5,0,0
4_1_86,3e-06,1,333333,0.5,0,0
1_1_35,2e-06,1,500000,0.5,0,0
2_1_94,2e-06,1,500000,0.5,1,0
4_1_55,3e-06,1,333333,0.5,3,0
6_1_79,3e-06,1,333333,0.5,2,0
5_1_92,3e-06,1,333333,0.5,3,0
5_1_32,3e-06,1,333333,0.5,1,0
6_1_80,3e-06,1,333333,0.5,5,0
2_1_63,3e-06,1,333333,0.5,1,0
6_1_83,3e-06,1,333333,0.5,4,0
5_1_78,3e-06,1,333333,0.5,4,0
5_1_46,3e-06,1,333333,0.5,4,0
6_1_51,3e-06,1,333333,0.5,3,0
6_1_55,3e-06,1,333333,0.5,1,0
5_1_62,3e-06,1,333333,0.5,2,0
5_1_67,3e-06,1,333333,0.5,2,0
1_1_32,2e-06,1,500000,0.5,0,0
2_1_1,2e-06,1,500000,0.5,1,0
5_1_21,3e-06,1,333333,0.5,2,0
5_1_70,3e-06,1,333333,0.5,4,0
5_1_48,3e-06,1,333333,0.5,3,0
1_1_69,2e-06,1,500000,0.5,0,0
4_1_38,3e-06,1,333333,0.5,0,0
3_1_80,5e-06,1,200000,0.5,0,0
1_1_58,2e-06,1,500000,0.5,0,0
5_1_65,3e-06,1,333333,0.5,1,0
5_1_99,3e-06,1,333333,0.5,2,0
1_1_84,2e-06,1,500000,0.5,0,0
1_1_99,2e-06,1,500000,0.5,0,0
5_1_6,3e-06,1,333333,0.5,4,0
3_1_23,5e-06,1,200000,0.5,1,0
2_1_38,2e-06,1,500000,0.5,0,0
3_1_44,5e-06,1,200000,0.5,1,0
4_1_32,3e-06,1,333333,0.5,3,0
6_1_45,3e-06,1,333333,0.5,3,0
5_1_63,3e-06,1,333333,0.5,1,0
2_1_13,2e-06,1,500000,0.5,0,0
4_1_40,3e-06,1,333333,0.5,1,0
3_1_3,4e-06,1,250000,0.5,2,0
3_1_53,4e-06,1,250000,0.5,1,0
2_1_50,2e-06,1,500000,0.5,1,0
2_1_31,2e-06,1,500000,0.5,0,0
6_1_17,3e-06,1,333333,0.5,1,0
4_1_26,3e-06,1,333333,0.5,2,0
6_1_60,3e-06,1,333333,0.5,5,0
4_1_34,6e-06,1,166667,0.5,2,0
6_1_62,3e-06,1,333333,0.5,3,0
4_1_7,3e-06,1,333333,0.5,2,0
2_1_48,2e-06,1,500000,0.5,1,0
3_1_69,4e-06,1,250000,0.5,1,0
4_1_42,3e-06,1,333333,0.5,3,0
5_1_16,3e-06,1,333333,0.5,1,0
4_1_39,3e-06,1,333333,0.5,0,0
1_1_93,2e-06,1,500000,0.5,0,0
4_1_24,3e-06,1,333333,0.5,3,0
6_1_6,3e-06,1,333333,0.5,3,0
4_1_8,1.3e-05,1,76923.1,0.5,1,0
2_1_71,3e-06,1,333333,0.5,0,0
3_1_11,5e-06,1,200000,0.5,1,0
5_1_39,3e-06,1,333333,0.5,4,0
4_1_81,3e-06,1,333333,0.5,2,0
5_1_59,3e-06,1,333333,0.5,2,0
6_1_70,3e-06,1,333333,0.5,0,0
6_1_18,3e-06,1,333333,0.5,1,0
4_1_35,3e-06,1,333333,0.5,2,0
5_1_7,3e-06,1,333333,0.5,0,0
5_1_36,3e-06,1,333333,0.5,2,0
1_1_75,2e-06,1,500000,0.5,0,0
6_1_97,3e-06,1,333333,0.5,2,0
1_1_65,2e-06,1,500000,0.5,0,0
4_1_98,3e-06,1,333333,0.5,3,0
4_1_89,3e-06,1,333333,0.5,3,0
3_1_9,4e-06,1,250000,0.5,1,0
3_1_97,4e-06,1,250000,0.5,0,0
2_1_72,3e-06,1,333333,0.5,1,0
1_1_19,2e-06,1,500000,0.5,0,0
5_1_33,3e-06,1,333333,0.5,0,0
1_1_53,2e-06,1,500000,0.5,0,0
1_1_42,2e-06,1,500000,0.5,0,0
1_1_98,2e-06,1,500000,0.5,0,0
4_1_65,3e-06,1,333333,0.5,2,0
1_1_40,2e-06,1,500000,0.5,0,0
2_1_75,3e-06,1,333333,0.5,0,0
2_1_45,3e-06,1,333333,0.5,1,0
6_1_69,3e-06,1,333333,0.5,2,0
5_1_72,3e-06,1,333333,0.5,2,0
5_1_94,3e-06,1,333333,0.5,2,0
6_1_23,3e-06,1,333333,0.5,2,0
4_1_19,3e-06,1,333333,0.5,1,0
3_1_76,5e-06,1,200000,0.5,1,0
2_1_58,3e-06,1,333333,0.5,0,0
4_1_79,3e-06,1,333333,0.5,2,0
6_1_76,3e-06,1,333333,0.5,2,0
1_1_21,2e-06,1,500000,0.5,0,0
5_1_66,3e-06,1,333333,0.5,0,0
4_1_74,3e-06,1,333333,0.5,1,0
6_1_65,3e-06,1,333333,0.5,1,0
2_1_57,2e-06,1,500000,0.5,0,0
6_1_34,3e-06,1,333333,0.5,1,0
3_1_7,4e-06,1,250000,0.5,0,0
2_1_49,3e-06,1,333333,0.5,0,0
6_1_42,3e-06,1,333333,0.5,0,0
4_1_54,3e-06,1,333333,0.5,3,0
6_1_81,3e-06,1,333333,0.5,1,0
5_1_2,3e-06,1,333333,0.5,3,0
3_1_95,4e-06,1,250000,0.5,1,0
5_1_17,3e-06,1,333333,0.5,1,0
1_1_2,2e-06,1,500000,0.5,0,0
2_1_89,2e-06,1,500000,0.5,0,0
3_1_12,5e-06,1,200000,0.5,1,0
3_1_96,5e-06,1,200000,0.5,0,0
2_1_27,2e-06,1,500000,0.5,0,0
6_1_46,3e-06,1,333333,0.5,2,0
4_1_76,3e-06,1,333333,0.5,2,0
1_1_3,2e-06,1,500000,0.5,0,0
2_1_56,2e-06,1,500000,0.5,0,0
6_1_91,3e-06,1,333333,0.5,3,0
4_1_73,3e-06,1,333333,0.5,2,0
6_1_73,3e-06,1,333333,0.5,4,0
6_1_87,4e-06,1,250000,0.5,0,0
4_1_6,3e-06,1,333333,0.5,1,0
4_1_84,4e-06,1,250000,0.5,2,0
4_1_80,3e-06,1,333333,0.5,0,0
5_1_50,6e-06,1,166667,0.5,4,0
5_1_93,4e-06,1,250000,0.5,3,0
1_1_79,2e-06,1,500000,0.5,0,0
2_1_19,3e-06,1,333333,0.5,0,0
2_1_52,3e-06,1,333333,0.5,1,0
6_1_71,4e-06,1,250000,0.5,1,0
4_1_90,3e-06,1,333333,0.5,3,0
5_1_37,3e-06,1,333333,0.5,2,0
4_1_47,3e-06,1,333333,0.5,0,0
2_1_67,3e-06,1,333333,0.5,0,0
5_1_24,4e-06,1,250000,0.5,2,0
2_1_84,6e-06,1,166667,0.5,1,0
4_1_14,5e-06,1,200000,0.5,1,0
3_1_21,5e-06,1,200000,0.5,1,0
3_1_54,7e-06,1,142857,0.5,2,0
6_1_68,4e-06,1,250000,0.5,0,0
5_1_13,3e-06,1,333333,0.5,2,0
5_1_60,4e-06,1,250000,0.5,4,0
4_1_92,3e-06,1,333333,0.5,2,0
1_1_47,2e-06,1,500000,0.5,0,0
5_1_68,4e-06,1,250000,0.5,1,0
6_1_50,4e-06,1,250000,0.5,3,0
5_1_51,3e-06,1,333333,0.5,2,0
1_1_8,3e-06,1,333333,0.5,0,0
6_1_54,1.1e-05,1,90909.1,0.5,4,0
2_1_24,9e-06,1,111111,0.5,1,0
2_1_96,3e-06,1,333333,0.5,1,0
4_1_88,3e-06,1,333333,0.5,3,0
1_1_7,7e-06,1,142857,0.5,0,0
2_1_88,3e-06,1,333333,0.5,0,0
1_1_94,8e-06,1,125000,0.5,0,0
6_1_90,9e-06,1,111111,0.5,4,0
5_1_85,4e-06,1,250000,0.5,2,0
2_1_37,4e-06,1,250000,0.5,0,0
5_1_73,4e-06,1,250000,0.5,3,0
3_1_39,5e-06,1,200000,0.5,1,0
5_1_89,4e-06,1,250000,0.5,0,0
4_1_96,3e-06,1,333333,0.5,0,0
5_1_1,5e-06,1,200000,0.5,1,0
1_1_81,2e-06,1,500000,0.5,0,0
2_1_26,3e-06,1,333333,0.5,1,0
4_1_9,3e-06,1,333333,0.5,3,0
3_1_15,6e-06,1,166667,0.5,1,0
1_1_24,2e-06,1,500000,0.5,0,0
3_1_93,5e-06,1,200000,0.5,1,0
1_1_91,4e-06,1,250000,0.5,0,0
1_1_51,3e-06,1,333333,0.5,0,0
3_1_94,5e-06,1,200000,0.5,1,0
3_1_42,5e-06,1,200000,0.5,0,0
1_1_56,3e-06,1,333333,0.5,0,0
4_1_37,7e-06,1,142857,0.5,1,0
3_1_16,6e-06,1,166667,0.5,2,0
5_1_91,4e-06,1,250000,0.5,0,1
3_1_38,5e-06,1,200000,0.5,1,1
3_1_91,5e-06,1,200000,0.5,0,1
6_1_36,4e-06,1,250000,0.5,2,1
3_1_56,1.3e-05,1,76923.1,0.5,1,1
4_1_31,6e-06,1,166667,0.5,1,1
3_1_24,1.9e-05,1,52631.6,0.5,1,1
1_1_28,4e-06,1,250000,0.5,0,0
6_1_47,4e-06,1,250000,0.5,2,1
2_1_83,5e-06,1,200000,0.5,0,1
5_1_79,4e-06,1,250000,0.5,2,1
4_1_68,4e-06,1,250000,0.5,3,1
3_1_31,1.3e-05,1,76923.1,0.5,1,1
2_1_97,3e-06,1,333333,0.5,1,1
6_1_24,4e-06,1,250000,0.5,4,1
1_1_46,7e-06,1,142857,0.5,0,0
6_1_35,4e-06,1,250000,0.5,3,1
6_1_21,4e-06,1,250000,0.5,0,1
1_1_82,3e-06,1,333333,0.5,0,0
6_1_66,4e-06,1,250000,0.5,1,1
4_1_44,5e-06,1,200000,0.5,2,1
5_1_86,4e-06,1,250000,0.5,0,1
4_1_95,3e-06,1,333333,0.5,0,1
3_1_57,2.8e-05,1,35714.3,0.5,1,1
5_1_53,4e-06,1,250000,0.5,4,1
2_1_15,8e-06,1,125000,0.5,1,1
2_1_90,3e-06,1,333333,0.5,1,1
2_1_34,3e-06,1,333333,0.5,0,1
5_1_8,5e-06,1,200000,0.5,3,1
1_1_90,3e-06,1,333333,0.5,0,0
4_1_61,3.1e-05,1,32258.1,0.5,2,1
1_1_12,2e-06,1,500000,0.5,0,0
2_1_7,3e-06,1,333333,0.5,0,1
1_1_30,3e-06,1,333333,0.5,0,0
3_1_28,5e-06,1,200000,0.5,0,1
1_1_68,7e-06,1,142857,0.5,0,0
2_1_79,3e-06,1,333333,0.5,0,1
3_1_89,5e-06,1,200000,0.5,0,1
3_1_34,6e-06,1,166667,0.5,2,1
3_1_36,6e-06,1,166667,0.5,0,1
4_1_51,8e-06,1,125000,0.5,0,1
6_1_77,4e-06,1,250000,0.5,5,1
2_1_32,3e-06,1,333333,0.5,1,1
6_1_26,4e-06,1,250000,0.5,2,1
1_1_0,2e-06,1,500000,0.5,0,0
3_1_85,9e-06,1,111111,0.5,2,1
2_1_73,3e-06,1,333333,0.5,1,1
1_1_25,4e-06,1,250000,0.5,0,0
1_1_14,2e-06,1,500000,0.5,0,0
5_1_20,4e-06,1,250000,0.5,4,1
4_1_36,8e-06,1,125000,0.5,3,1
4_1_87,3e-06,1,333333,0.5,1,1
4_1_53,3e-06,1,333333,0.5,0,1
4_1_22,4e-06,1,250000,0.5,1,1
3_1_5,5e-06,1,200000,0.5,2,1
1_1_11,3e-06,1,333333,0.5,0,0
5_1_27,4e-06,1,250000,0.5,2,1
4_1_97,4e-06,1,250000,0.5,1,1
3_1_43,5e-06,1,200000,0.5,1,1
6_1_9,4e-06,1,250000,0.5,2,1
3_1_72,5e-06,1,200000,0.5,0,1
4_1_1,3e-06,1,333333,0.5,1,1
3_1_87,4e-06,1,250000,0.5,2,1
2_1_80,3e-06,1,333333,0.5,0,1
1_1_86,3e-06,1,333333,0.5,0,0
3_1_0,5e-06,1,200000,0.5,0,1
3_1_4,5e-06,1,200000,0.5,2,1
1_1_96,2e-06,1,500000,0.5,0,0
1_1_17,3e-06,1,333333,0.5,0,0
